470000,Adam,Shamay,01-02-2008,,Israel,Jerusalem
130000,Adi,Shahar,02-02-2008,,Israel,Tel Aviv
100024,Adrien,Buam?,03-02-2008,,France,Strasbourg
100006,Alexandre,Brarande,04-02-2008,,France,Prais
100018,Alexis,Btatier,05-02-2008,,France,Prais
600000,Alon,Shmuel,06-02-2008,,Israel,Beer Sheva
100040,Ana?s,Bsatien,07-02-2008,,France,Strasbourg
100019,anthony,Btaton,08-02-2008,20-02-2008,France,Bordeaux
100220,Anthony,Lee,09-02-2008,20-02-2008,USA,New York
100007,Antoine,Brarault,10-02-2008,20-02-2008,France,Bordeaux
540000,ariel,Shimi,11-02-2008,,Israel,Hertzeliya
330000,avital,Tal,12-02-2008,,Israel,Tel Aviv
400000,Aviv,Tzahi,13-02-2008,,Israel,Beer Sheva
100290,Barbara,Perez,14-02-2008,,USA,New York
250000,belle,Shlomi,15-02-2008,,Israel,Beer Sheva
360000,ben,Tomer,16-02-2008,,Israel,Haifa
100023,Benjamin,Buahin,17-02-2008,,France,Bordeaux
100390,Betty,Adams,18-02-2008,,USA,Temecula
100200,Brian,White,19-02-2008,,USA,Mendecino
100027,Camille,Bradin,20-02-2008,,France,Bordeaux
100430,Carol,Campbell,01-09-2010,,USA,Oakland
100080,Charles,Garcia,02-09-2010,,USA,Oakland
100045,Charlotte,Buadet,03-09-2010,,France,Nice
100030,Chlo?,Brarande,04-09-2010,,France,Prais
100110,Christopher,Martinez,05-09-2010,,USA,San Francisco
100044,Clara,Buadelaire,06-09-2010,21-09-2010,France,Strasbourg
100009,clement,Brari?re,07-09-2010,21-09-2010,France,Nice
390000,daniel,Tzadok,08-09-2010,,Israel,Hertzeliya
100120,Daniel,Anderson,09-09-2010,21-09-2010,USA,Sacremento
340000,Danielle,Tamir,10-09-2010,,Israel,Hertzeliya
420000,Danny,Tzvi,11-09-2010,21-09-2010,Israel,Jerusalem
100060,David,Miller,12-09-2010,21-09-2010,USA,San Francisco
380000,David,Tuvya,13-09-2010,,Israel,Tel Aviv
100500,Deborah,Torres,14-09-2010,,USA,Mendecino
100150,Donald,Hernandez,15-09-2010,21-09-2010,USA,Mendecino
100420,Donna,Ramirez,16-09-2010,21-09-2010,USA,Sacremento
100350,Dorothy,King,17-09-2010,,USA,Mendecino
570000,Dvir,Shlomi,18-09-2010,,Israel,Jerusalem
100190,Edward,Thompson,19-09-2010,,USA,Temecula
100300,Elizabeth,Hall,20-09-2010,,USA,New York
100050,Elodie,Bsatien,21-09-2010,,France,Prais
100047,Emilie,Buahin,22-09-2010,,France,Bordeaux
100037,Emma,Bsaset,23-09-2010,,France,Nice
100013,Florian,Bsaset,24-09-2010,,France,Nice
101000,Gadhavi,rahul,25-09-2010,,India,Puna
126000,Gadhavi,priya,26-09-2010,,India,Surat
102000,Gaekwad,Abhishek,27-09-2010,,India,Bnegalor
127000,Gaekwad,Tanya,28-09-2010,,India,Rajkapoor
129000,Gahlot,divya,29-09-2010,,India,Bnegalor
104000,Gahlot,Amit,30-09-2010,,India,Calcuta
130000,Gaidher,tanvi,01-05-2012,,India,Mumbai
105000,Gaidher,mahesh,02-05-2012,,India,New Delhi
131000,Gairola,Ishita,03-05-2012,,India,Calcuta
106000,Gairola,ROHIT,04-05-2012,,India,Jaipoor
107000,Galla,yash,05-05-2012,,India,Ahmedabad
132000,Galla,vani,06-05-2012,,India,New Delhi
133000,Gandhi,Anjali,07-05-2012,,India,Jaipoor
108000,Gandhi,Ankit,08-05-2012,,India,Surat
134000,Ganguly,Shreya,09-05-2012,,India,Ahmedabad
109000,Ganguly,shyam,10-05-2012,09-06-2012,India,Rajkapoor
110000,Ganti,Deepak,11-05-2012,,India,Puna
135000,Ganti,riya,12-05-2012,,India,Surat
111000,Garg,Aryan,13-05-2012,09-06-2012,India,Bnegalor
136000,Garg,Sneha,14-05-2012,,India,Rajkapoor
112000,Garimella,Raj,15-05-2012,,India,Mumbai
137000,Garimella,Aishwarya,16-05-2012,,India,Puna
138000,Garodia,Gayatri,17-05-2012,09-06-2012,India,Bnegalor
113000,Garodia,Arjun,18-05-2012,,India,Calcuta
139000,Gayen,varsha,19-05-2012,,India,Mumbai
114000,Gayen,Manoj,20-05-2012,,India,New Delhi
100160,George,Moore,21-05-2012,09-06-2012,USA,San Francisco
140000,Ghanchi,Ira,22-05-2012,,India,Calcuta
115000,Ghanchi,ankur,23-05-2012,09-06-2012,India,Jaipoor
116000,Ghatak,akash,24-05-2012,,India,Ahmedabad
141000,Ghatak,sanjana,25-05-2012,,India,New Delhi
142000,Ghosh,Niharika,26-05-2012,09-06-2012,India,Jaipoor
117000,Ghosh,Karan,27-05-2012,,India,Surat
143000,Godbole,Nikita,28-05-2012,,India,Ahmedabad
118000,Godbole,rakesh,29-05-2012,,India,Rajkapoor
119000,Goenka,Sam,30-05-2012,09-06-2012,India,Puna
144000,Goenka,natasha,31-05-2012,,India,Surat
120000,Gokhale,Naveen,01-06-2012,,India,Bnegalor
145000,Gokhale,Neha,02-06-2012,,India,Rajkapoor
103000,Goshdashtidar,Aditya,03-06-2012,09-06-2012,India,Mumbai
128000,Goshdashtidar,Priyanka,04-06-2012,,India,Puna
121000,Gounder,Ashish,05-06-2012,,India,Mumbai
146000,Gounder,shivangi,06-06-2012,,India,Puna
147000,Gowda,ramya,07-06-2012,,India,Bnegalor
122000,Gowda,Vinay,08-06-2012,,India,Calcuta
148000,Goyal,Isha,09-06-2012,,India,Mumbai
123000,Goyal,Parth,10-06-2012,,India,New Delhi
149000,Grover,ananya,11-06-2012,,India,Calcuta
124000,Grover,Mayank,12-06-2012,,India,Jaipoor
125000,Guha,vivek,13-06-2012,,India,Ahmedabad
150000,Guha,shivani,14-06-2012,,India,New Delhi
100014,Guillaume,Bsasot,15-06-2012,,France,Prais
150000,hadar,Shamay,16-06-2012,,Israel,Beer Sheva
100400,Helen,Nelson,17-06-2012,,USA,Mendecino
100017,hugo,Btateux,18-06-2012,,France,Nice
550000,ilan,Shimon,19-06-2012,,Israel,Beer Sheva
370000,itay,Tomi,07-08-2015,,Israel,Jerusalem
510000,Jacob,Shaya,08-08-2015,24-08-2015,Israel,Haifa
100010,James,Smith,09-08-2015,,USA,San Francisco
100240,Jason,Harris,10-08-2015,,USA,New York
100310,Jennifer,Young,11-08-2015,,USA,San Francisco
100016,J?r?my,Bsatien,12-08-2015,,France,Strasbourg
100020,John,Johnson,13-08-2015,,USA,Sacremento
100090,Joseph,Rodriguez,14-08-2015,,USA,Temecula
100032,Julie,Brareau,15-08-2015,24-08-2015,France,Strasbourg
100003,Julien,Bradin,16-08-2015,,France,Bordeaux
100046,Juliette,Buag?,17-08-2015,,France,Prais
100042,Justine,Btatier,18-08-2015,,France,Prais
100380,Karen,Baker,19-08-2015,24-08-2015,USA,Oakland
190000,karina,Shaya,20-08-2015,,Israel,Hertzeliya
100170,Kenneth,Martin,21-08-2015,,USA,Sacremento
100230,Kevin,Gonzalez,22-08-2015,,USA,New York
100008,Kevin,Brareau,23-08-2015,,France,Strasbourg
100490,Kimberly,Turner,24-08-2015,,USA,Temecula
170000,kinneret,Shaul,25-08-2015,,Israel,Jerusalem
100031,Laura,Brarault,26-08-2015,,France,Bordeaux
100470,Laura,Phillips,27-08-2015,,USA,Sacremento
100028,L?a,Branaud,28-08-2015,,France,Strasbourg
220000,Lia,Shimi,29-08-2015,,Israel,Jerusalem
300000,lian,Shraga,30-08-2015,,Israel,Beer Sheva
530000,liel,Shevah,31-08-2015,,Israel,Tel Aviv
100280,Linda,Walker,01-09-2015,,USA,New York
500000,liran,Shay,02-09-2015,,Israel,Beer Sheva
100360,Lisa,Scott,03-09-2015,,USA,San Francisco
100048,Lisa,Buam?,04-09-2015,,France,Strasbourg
100012,lucas,Bsachet,05-09-2015,,France,Strasbourg
100039,lucie,Bsatarache,06-09-2015,,France,Bordeaux
100029,Manon,Branier,07-09-2015,,France,Nice
100340,Margaret,Wright,08-09-2015,,USA,Temecula
100320,Maria,Allen,09-09-2015,,USA,Sacremento
100026,Marie,Bradet,10-09-2015,,France,Prais
100036,Marine,Bsachet,11-09-2015,,France,Strasbourg
100038,Marion,Bsasot,12-09-2015,,France,Prais
100140,Mark,Thomas,13-09-2015,,USA,Temecula
100260,Mary,Lewis,14-09-2015,,USA,New York
490000,Matan,Shaul,15-09-2015,,Israel,Hertzeliya
100022,mathieu,Buag?,16-09-2015,,France,Prais
100035,Mathilde,Brathet,17-09-2015,,France,Bordeaux
100250,Matthew,Clark,18-09-2015,,USA,New York
100005,Maxime,Branier,19-09-2015,,France,Nice
140000,Maya,Shalom,20-09-2015,,Israel,Hertzeliya
100049,M?lanie,Bsatarache,21-09-2015,,France,Nice
100040,Michael,Brown,22-09-2015,,USA,Temecula
100460,Michelle,Carter,23-09-2015,,USA,San Francisco
520000,Mohammad,Shealtiel,24-09-2015,,Israel,Jerusalem
280000,morel,Shmuel,25-09-2015,,Israel,Tel Aviv
100043,Morgane,Btaton,01-01-2018,,France,Bordeaux
100370,Nancy,Green,02-01-2018,,USA,Sacremento
230000,Neta,Shimon,03-01-2018,,Israel,Tel Aviv
410000,nick,Tzfanya,04-01-2018,,Israel,Haifa
100002,nicolas,Bradet,05-01-2018,,France,Prais
270000,Nikol,Shmaryahu,06-01-2018,,Israel,Jerusalem
310000,Nina,Shuki,07-01-2018,,Israel,Haifa
110000,Noa,Sefi,08-01-2018,,Israel,Haifa
240000,Noam,Shimshon,09-01-2018,,Israel,Hertzeliya
100041,Oc?ane,Btateux,10-01-2018,,France,Nice
450000,omer,Shahar,11-01-2018,,Israel,Beer Sheva
100270,Patricia,Robinson,12-01-2018,,USA,New York
100021,Paul,Buadet,13-01-2018,02-02-2018,France,Nice
100130,Paul,Taylor,14-01-2018,,USA,Oakland
100034,Pauline,Brath?lemy,15-01-2018,,France,Prais
100011,Pierre,Brathet,16-01-2018,,France,Bordeaux
100004,Quentin,Branaud,17-01-2018,02-02-2018,France,Strasbourg
100070,Richard,Davis,18-01-2018,,USA,Sacremento
100030,Robert,Williams,19-01-2018,,USA,Oakland
100010,Romain,Brath?lemy,20-01-2018,,France,Prais
100210,Ronald,Lopez,21-01-2018,,USA,New York
160000,Roni,Sharon,22-01-2018,02-02-2018,Israel,Haifa
480000,roni,Sharon,23-01-2018,,Israel,Tel Aviv
120000,Rotem,Shabtay,24-01-2018,,Israel,Jerusalem
100440,Ruth,Mitchell,25-01-2018,,USA,Temecula
100410,Sandra,Hill,26-01-2018,,USA,San Francisco
290000,SAPIR,Shmulik,27-01-2018,,Israel,Hertzeliya
100033,Sarah,Brari?re,28-01-2018,,France,Nice
100480,Sarah,Evans,29-01-2018,,USA,Oakland
200000,Shani,Shealtiel,30-01-2018,,Israel,Beer Sheva
100450,Sharon,Roberts,31-01-2018,,USA,Mendecino
180000,Shira,Shay,01-02-2018,,Israel,Tel Aviv
440000,Shizaf,Shabtay,02-02-2018,,Israel,Hertzeliya
560000,Son,Shimshon,03-02-2018,,Israel,Haifa
100180,Steven,Jackson,04-02-2018,,USA,Oakland
100330,Susan,Sanchez,05-02-2018,,USA,Oakland
210000,Tamar,Shevah,06-02-2018,,Israel,Haifa
100020,Theo,Buadelaire,07-02-2018,,France,Strasbourg
100100,Thomas,Wilson,08-02-2018,,USA,Mendecino
100001,Thomas,Barbier,09-02-2018,,France,Nice
430000,Tom,Sefi,10-02-2018,,Israel,Tel Aviv
100015,valentin,Bsatarache,11-02-2018,,France,Bordeaux
100025,Vincent,Barbier,12-02-2018,,France,Nice
100050,William,Jones,13-02-2018,,USA,Mendecino
580000,Yahav,Shlomo,14-02-2018,,Israel,Tel Aviv
350000,Yahel,Tamir,15-02-2018,,Israel,Beer Sheva
460000,yair,Shalom,16-02-2018,,Israel,Haifa
590000,YUVAL,Shmaryahu,17-02-2018,,Israel,Hertzeliya
320000,Yuval,Simha,18-02-2018,,Israel,Jerusalem
260000,ziv,Shlomo,19-02-2018,,Israel,Haifa
